{"0": {"precision": 0.8256227758007118, "recall": 0.7958833619210978, "f1-score": 0.810480349344978, "support": 1166.0}, "1": {"precision": 0.7853922452660054, "recall": 0.8163074039362699, "f1-score": 0.8005514705882353, "support": 1067.0}, "accuracy": 0.8056426332288401, "macro avg": {"precision": 0.8055075105333586, "recall": 0.8060953829286839, "f1-score": 0.8055159099666067, "support": 2233.0}, "weighted avg": {"precision": 0.8063993203235368, "recall": 0.8056426332288401, "f1-score": 0.8057360082641699, "support": 2233.0}}